{"expenses":[{"date":"2023-04-01","budgetGoal":50,"foodName":"Minuited Maid","monthBoughtInNum":4,"price":"20","weekYearBought":15},{"date":"2024-04-01","budgetGoal":50,"foodName":"Minuited Maid","monthBoughtInNum":4,"price":"20","weekYearBought":15},{"date":"2025-04-01","budgetGoal":50,"foodName":"Yogurt","monthBoughtInNum":4,"price":"30","weekYearBought":13},{"date":"2025-04-01","budgetGoal":50,"foodName":"Yakult","monthBoughtInNum":4,"price":"50","weekYearBought":13},{"date":"2025-04-01","budgetGoal":50,"foodName":"Minuited Maid","monthBoughtInNum":4,"price":"20","weekYearBought":13},{"date":"2025-04-01","budgetGoal":50,"foodName":"MilkTea","monthBoughtInNum":4,"price":"80","weekYearBought":13},{"date":"2025-04-02","budgetGoal":50,"foodName":"Burger","monthBoughtInNum":4,"price":"60","weekYearBought":14},{"date":"2025-04-05","budgetGoal":50,"foodName":"Ice Cream","monthBoughtInNum":4,"price":"90","weekYearBought":14},{"date":"2025-04-05","budgetGoal":50,"foodName":"Hotdog","monthBoughtInNum":4,"price":"15","weekYearBought":14},{"date":"2025-04-07","budgetGoal":40,"foodName":"Pizza","monthBoughtInNum":4,"price":"50","weekYearBought":15},{"date":"2025-04-08","budgetGoal":80,"foodName":"Lumpia","monthBoughtInNum":4,"price":"70","weekYearBought":15},{"date":"2025-04-14","budgetGoal":50,"foodName":"Beef Tapa","monthBoughtInNum":4,"price":95,"weekYearBought":16,"type":"Foods"},{"date":"2025-04-14","budgetGoal":50,"foodName":"Chicken","monthBoughtInNum":4,"price":80,"weekYearBought":16,"type":"Foods"},{"date":"2025-04-14","budgetGoal":50,"foodName":"Longaniza","monthBoughtInNum":4,"price":75,"weekYearBought":16,"type":"Foods"},{"date":"2025-04-14","budgetGoal":50,"foodName":"Chicken","monthBoughtInNum":4,"price":80,"weekYearBought":16,"type":"Foods"},{"date":"2025-04-14","budgetGoal":50,"foodName":"Fried Bangus","monthBoughtInNum":4,"price":85,"weekYearBought":16,"type":"Foods"},{"date":"2025-04-14","budgetGoal":50,"foodName":"Beef Tapa","monthBoughtInNum":4,"price":95,"weekYearBought":16,"type":"Foods"},{"date":"2025-04-14","budgetGoal":50,"foodName":"Fried Bangus","monthBoughtInNum":4,"price":85,"weekYearBought":16,"type":"Foods"},{"date":"2025-04-14","budgetGoal":50,"foodName":"Fish Fillet","monthBoughtInNum":4,"price":99,"weekYearBought":16,"type":"Foods"},{"date":"2025-04-14","budgetGoal":50,"foodName":"Chicken","monthBoughtInNum":4,"price":80,"weekYearBought":16,"type":"Foods"},{"date":"2025-04-14","budgetGoal":199,"foodName":"Chicken","monthBoughtInNum":4,"price":80,"weekYearBought":16,"type":"Foods"},{"date":"2025-04-14","budgetGoal":199,"foodName":"Fried Bangus","monthBoughtInNum":4,"price":85,"weekYearBought":16,"type":"Foods"},{"date":"2025-04-14","budgetGoal":199,"foodName":"Sprite","monthBoughtInNum":4,"price":40,"weekYearBought":16,"type":"Drinks"},{"date":"2025-04-14","budgetGoal":199,"foodName":"Chicken","monthBoughtInNum":4,"price":80,"weekYearBought":16,"type":"Foods"},{"date":"2025-04-14","budgetGoal":199,"foodName":"Fried Bangus","monthBoughtInNum":4,"price":85,"weekYearBought":16,"type":"Foods"},{"date":"2025-04-14","budgetGoal":199,"foodName":"Chicken","monthBoughtInNum":4,"price":80,"weekYearBought":16,"type":"Foods"},{"date":"2025-04-14","budgetGoal":199,"foodName":"Fried Bangus","monthBoughtInNum":4,"price":85,"weekYearBought":16,"type":"Foods"},{"date":"2025-04-14","budgetGoal":199,"foodName":"Tocino with Egg","monthBoughtInNum":4,"price":80,"weekYearBought":16,"type":"Foods"},{"date":"2025-04-14","budgetGoal":199,"foodName":"Chicken","monthBoughtInNum":4,"price":80,"weekYearBought":16,"type":"Foods"},{"date":"2025-04-14","budgetGoal":199,"foodName":"Fried Bangus","monthBoughtInNum":4,"price":85,"weekYearBought":16,"type":"Foods"},{"date":"2025-04-14","budgetGoal":199,"foodName":"Pork Sisig","monthBoughtInNum":4,"price":90,"weekYearBought":16,"type":"Foods"},{"date":"2025-04-14","budgetGoal":199,"foodName":"Chicken","monthBoughtInNum":4,"price":80,"weekYearBought":16,"type":"Foods"},{"date":"2025-04-14","budgetGoal":199,"foodName":"Fried Bangus","monthBoughtInNum":4,"price":85,"weekYearBought":16,"type":"Foods"},{"date":"2025-04-14","budgetGoal":199,"foodName":"Pork Sisig","monthBoughtInNum":4,"price":90,"weekYearBought":16,"type":"Foods"},{"date":"2025-04-14","budgetGoal":199,"foodName":"Rice with Egg","monthBoughtInNum":4,"price":40,"weekYearBought":16,"type":"Desserts"},{"date":"2025-04-14","budgetGoal":199,"foodName":"Tuna Bread","monthBoughtInNum":4,"price":40,"weekYearBought":16,"type":"Desserts"},{"date":"2025-04-14","budgetGoal":199,"foodName":"Mango Float","monthBoughtInNum":4,"price":40,"weekYearBought":16,"type":"Desserts"},{"date":"2025-04-14","budgetGoal":199,"foodName":"Chicken","monthBoughtInNum":4,"price":80,"weekYearBought":16,"type":"Foods"},{"date":"2025-04-14","budgetGoal":199,"foodName":"Beef Tapa","monthBoughtInNum":4,"price":95,"weekYearBought":16,"type":"Foods"},{"date":"2025-04-14","budgetGoal":199,"foodName":"Chicken","monthBoughtInNum":4,"price":80,"weekYearBought":16,"type":"Foods"},{"date":"2025-04-14","budgetGoal":199,"foodName":"Fried Bangus","monthBoughtInNum":4,"price":85,"weekYearBought":16,"type":"Foods"},{"date":"2025-04-14","budgetGoal":199,"foodName":"Beef Tapa","monthBoughtInNum":4,"price":95,"weekYearBought":16,"type":"Foods"},{"date":"2025-04-14","budgetGoal":199,"foodName":"Fried Bangus","monthBoughtInNum":4,"price":85,"weekYearBought":16,"type":"Foods"},{"date":"2025-04-14","budgetGoal":199,"foodName":"Chicken","monthBoughtInNum":4,"price":80,"weekYearBought":16,"type":"Foods"},{"date":"2025-04-14","budgetGoal":199,"foodName":"Fried Bangus","monthBoughtInNum":4,"price":85,"weekYearBought":16,"type":"Foods"},{"date":"2025-04-14","budgetGoal":199,"foodName":"Pork Sisig","monthBoughtInNum":4,"price":90,"weekYearBought":16,"type":"Foods"},{"date":"2025-04-14","budgetGoal":199,"foodName":"Fried Bangus","monthBoughtInNum":4,"price":85,"weekYearBought":16,"type":"Foods"},{"date":"2025-04-14","budgetGoal":199,"foodName":"Beef Tapa","monthBoughtInNum":4,"price":95,"weekYearBought":16,"type":"Foods"},{"date":"2025-04-14","budgetGoal":50,"foodName":"Chicken","monthBoughtInNum":4,"price":80,"weekYearBought":16,"type":"Foods"},{"date":"2025-04-14","budgetGoal":199,"foodName":"Chicken","monthBoughtInNum":4,"price":80,"weekYearBought":16,"type":"Foods"},{"date":"2025-04-14","budgetGoal":199,"foodName":"Royal","monthBoughtInNum":4,"price":40,"weekYearBought":16,"type":"Drinks"},{"date":"2025-04-14","budgetGoal":199,"foodName":"Bulalo","monthBoughtInNum":4,"price":40,"weekYearBought":16,"type":"Foods"},{"date":"2025-04-23","budgetGoal":199,"foodName":"Chicken","monthBoughtInNum":4,"price":80,"weekYearBought":17,"type":"Foods"},{"date":"2025-04-23","budgetGoal":199,"foodName":"Milktea Matcha","monthBoughtInNum":4,"price":40,"weekYearBought":17,"type":"Drinks"},{"date":"2025-04-23","budgetGoal":199,"foodName":"Halo Halo","monthBoughtInNum":4,"price":40,"weekYearBought":17,"type":"Desserts"},{"date":"2025-04-23","budgetGoal":199,"foodName":"Pork Sisig","monthBoughtInNum":4,"price":90,"weekYearBought":17,"type":"Foods"},{"date":"2025-04-24","budgetGoal":199,"foodName":"Chicken","monthBoughtInNum":4,"price":80,"weekYearBought":17,"type":"Foods"},{"date":"2025-04-24","budgetGoal":199,"foodName":"Tocino with Egg","monthBoughtInNum":4,"price":80,"weekYearBought":17,"type":"Foods"},{"date":"2025-04-24","budgetGoal":199,"foodName":"Chicken","monthBoughtInNum":4,"price":80,"weekYearBought":17,"type":"Foods"},{"date":"2025-04-24","budgetGoal":199,"foodName":"Milktea Matcha","monthBoughtInNum":4,"price":40,"weekYearBought":17,"type":"Drinks"},{"date":"2025-04-24","budgetGoal":199,"foodName":"Halo Halo","monthBoughtInNum":4,"price":40,"weekYearBought":17,"type":"Desserts"}]}