{"expenses":[{"date":"2025-04-23","budgetGoal":100,"foodName":"Chicken","monthBoughtInNum":4,"price":80,"weekYearBought":17,"type":"Foods"},{"date":"2025-04-23","budgetGoal":100,"foodName":"Fish Fillet","monthBoughtInNum":4,"price":99,"weekYearBought":17,"type":"Foods"},{"date":"2025-04-23","budgetGoal":100,"foodName":"Fried Bangus","monthBoughtInNum":4,"price":85,"weekYearBought":17,"type":"Foods"},{"date":"2025-04-24","budgetGoal":100,"foodName":"Chicken","monthBoughtInNum":4,"price":80,"weekYearBought":17,"type":"Foods"},{"date":"2025-04-24","budgetGoal":100,"foodName":"Pepsi","monthBoughtInNum":4,"price":40,"weekYearBought":17,"type":"Drinks"},{"date":"2025-04-24","budgetGoal":100,"foodName":"Milktea Matcha","monthBoughtInNum":4,"price":40,"weekYearBought":17,"type":"Drinks"}]}