{"accounts":[{"budgetGoal":199.0,"password":"tigbason","orderPath":"src\/ordersJson\/joshyreps_orders.json","level":102,"lastWeekLoggedIn":17,"rank":"PREMIUM","expensesPath":"src\/expensesJson\/joshyreps_expenses.json","weeklyPerformance":[null,null,false,false,null,null,null],"username":"joshyreps"},{"budgetGoal":50.0,"password":"ash","orderPath":"src\/ordersJson\/mewtwo_orders.json","level":0,"lastWeekLoggedIn":17,"rank":"BRONZE","expensesPath":"src\/expensesJson\/mewtwo_expenses.json","weeklyPerformance":[null,null,null,null,false,null,null],"username":"mewtwo"},{"budgetGoal":1000.0,"password":"bronny","orderPath":"src\/ordersJson\/lebron_orders.json","level":1,"lastWeekLoggedIn":17,"rank":"BRONZE","expensesPath":"src\/expensesJson\/lebron_expenses.json","weeklyPerformance":[null,null,null,null,null,null,null],"username":"lebron"},{"budgetGoal":100.0,"password":"duncic","orderPath":"src\/ordersJson\/luka_orders.json","level":0,"lastWeekLoggedIn":17,"rank":"BRONZE","expensesPath":"src\/expensesJson\/luka_expenses.json","weeklyPerformance":[null,null,null,null,null,null,null],"username":"luka"},{"budgetGoal":0.0,"password":"curry","orderPath":"src\/ordersJson\/steph_orders.json","level":0,"lastWeekLoggedIn":17,"rank":"BRONZE","expensesPath":"src\/expensesJson\/steph_expenses.json","weeklyPerformance":[null,null,null,null,null,null,null],"username":"steph"}]}