{

    "foods": [
        {
            "imagePath": "/foodImages/chicken.png",
            "foodName": "Chicken",
            "foodType" : "Foods",
            "foodPrice": 80,
            "amountBought": 80
        },
        {
            "imagePath": "/foodImages/porksisig.png",
            "foodName": "Pork Sisig",
            "foodType" : "Foods",
            "foodPrice": 90,
            "amountBought": 200
        },
        {
            "imagePath": "/foodImages/fishfillet.png",
            "foodName": "Fish Fillet",
            "foodType" : "Foods",
            "foodPrice": 99,
            "amountBought": 200
        },
         {
            "imagePath": "/foodImages/longaniza.png",
            "foodName": "Longaniza",
            "foodType" : "Foods",
            "foodPrice": 75,
            "amountBought": 200
        }
        , {
            "imagePath": "/foodImages/friedbangus.png",
            "foodName": "Fried Bangus",
            "foodType" : "Foods",
            "foodPrice": 85,
            "amountBought": 200
        }
        , {
            "imagePath": "/foodImages/tocinowithegg.png",
            "foodName": "Tocino with Egg",
            "foodType" : "Foods",
            "foodPrice": 80,
            "amountBought": 250
        },
        {
            "imagePath": "/foodImages/lechonkawali.png",
            "foodName": "Lechon Kawali",
            "foodType" : "Foods",
            "foodPrice": 100,
            "amountBought": 250
        },
        {
            "imagePath": "/foodImages/sweetandsourpork.png",
            "foodName": "Sweet and Sour Pork",
            "foodPrice": 95,
            "foodType" : "Foods",
            "amountBought": 250
        },
        {
            "imagePath": "/foodImages/ricewithegg.png",
            "foodName": "Rice with Egg",
            "foodPrice": 40,
            "foodType" : "Foods",
            "amountBought": 450
        },
        {
            "imagePath": "/foodImages/porkadobo.png",
            "foodName": "Pork Adobo",
            "foodType" : "Foods",
            "foodPrice": 40,
            "amountBought": 450
        },
        {
            "imagePath": "/foodImages/chickenadobo.png",
            "foodName": "Chicken Adobo",
            "foodType" : "Foods",
            "foodPrice": 40,
            "amountBought": 450
        },
        {
            "imagePath": "/foodImages/bulalo.png",
            "foodName": "Bulalo",
            "foodType" : "Foods",
            "foodPrice": 40,
            "amountBought": 450
        },
        {
            "imagePath": "/foodImages/batchoy.png",
            "foodName": "Batchoy",
            "foodType" : "Foods",
            "foodPrice": 40,
            "amountBought": 450
        },
        {
            "imagePath": "/foodImages/beefcheeseburger.png",
            "foodName": "Beef Cheese Burger",
            "foodType" : "Foods",
            "foodPrice": 40,
            "amountBought": 450
        }
    ]
    ,
    "drinks": [
        {
            "imagePath": "/foodImages/coke.png",
            "foodName": "Coke",
            "foodType" : "Drinks",
            "foodPrice": 55,
            "amountBought": 450
        },
        {
            "imagePath": "/foodImages/pepsi.png",
            "foodName": "Pepsi",
            "foodType" : "Drinks",
            "foodPrice": 40,
            "amountBought": 450
        },
        {
            "imagePath": "/foodImages/milkteamatcha.png",
            "foodName": "Milktea Matcha",
            "foodType" : "Drinks",
            "foodPrice": 40,
            "amountBought": 450
        },
        {
            "imagePath": "/foodImages/milktearedvelvet.png",
            "foodName": "Milktea Red Velvet",
            "foodType" : "Drinks",
            "foodPrice": 40,
            "amountBought": 450
        },
        {
            "imagePath": "/foodImages/milkteaokinawa.png",
            "foodName": "Milktea Okinawa",
            "foodType" : "Drinks",
            "foodPrice": 40,
            "amountBought": 450
        },
        {
            "imagePath": "/foodImages/milkteacaramel.png",
            "foodName": "Milktea Caramel",
            "foodType" : "Drinks",
            "foodPrice": 40,
            "amountBought": 450
        },
        {
            "imagePath": "/foodImages/icedcappucino.png",
            "foodName": "iced Cappucino",
            "foodType" : "Drinks",
            "foodPrice": 40,
            "amountBought": 450
        },
        {
            "imagePath": "/foodImages/mountaindew.png",
            "foodName": "Mountain Dew",
            "foodType" : "Drinks",
            "foodPrice": 40,
            "amountBought": 450
        },
        {
            "imagePath": "/foodImages/orangejuice.png",
            "foodName": "Orange Juice",
            "foodType" : "Drinks",
            "foodPrice": 40,
            "amountBought": 450
        },
        {
            "imagePath": "/foodImages/minutemaid.png",
            "foodName": "Minute Made",
            "foodType" : "Drinks",
            "foodPrice": 40,
            "amountBought": 450
        } 
    ],
    "desserts": [
        {
            "imagePath": "/foodImages/mangofloat.png",
            "foodName": "Mango Float",
            "foodType" : "Desserts",
            "foodPrice": 40,
            "amountBought": 450
        },
        {
            "imagePath": "/foodImages/halohalo.png",
            "foodName": "Halo Halo",
            "foodType" : "Desserts",
            "foodPrice": 40,
            "amountBought": 450
        },
        {
            "imagePath": "/foodImages/bananasplit.png",
            "foodName": "Banana Split",
            "foodType" : "Desserts",
            "foodPrice": 40,
            "amountBought": 450
        },
        {
            "imagePath": "/foodImages/pizza.png",
            "foodName": "Pizza",
            "foodType" : "Desserts",
            "foodPrice": 40,
            "amountBought": 450
        },
        {
            "imagePath": "/foodImages/tunabread.png",
            "foodName": "Tuna Bread",
            "foodType" : "Desserts",
            "foodPrice": 40,
            "amountBought": 450
        },
        {
            "imagePath": "/foodImages/croissant.png",
            "foodName": "Croissant",
            "foodType" : "Desserts",
            "foodPrice": 40,
            "amountBought": 450
        },
        {
            "imagePath": "/foodImages/donut.png",
            "foodName": "Donut",
            "foodType" : "Desserts",
            "foodPrice": 40,
            "amountBought": 450
        },
        {
            "imagePath": "/foodImages/biko.png",
            "foodName": "Biko",
            "foodType" : "Desserts",
            "foodPrice": 40,
            "amountBought": 450
        }
    ]
}